宇宙飛行士,4165,うちゅうひこうし,astronaut
探偵事務所,8448,たんていじむしょ,detective bureau
重要参考人,9150,じゅうようさんこうにん,material witness
留守番電話,9633,るすばんでんわ,answering machine
法律事務所,9904,ほうりつじむしょ,law office
教育委員会,10737,きょういくいいんかい,Board of Education
結婚記念日,12091,けっこんきねんび,wedding anniversary
児童相談所,12629,じどうそうだんじょ,child consultation center
顧問弁護士,14468,こもんべんごし,legal adviser
必要不可欠,15438,ひつようふかけつ,essential
広告代理店,16266,こうこくだいりてん,advertising agency
連帯保証人,16461,れんたいほしょうにん,joint surety
高所恐怖症,17358,こうしょきょうふしょう,fear of heights
人工呼吸器,17365,じんこうこきゅうき,artificial respirator
倫理委員会,17909,りんりいいんかい,ethics committee
自動販売機,17990,じどうはんばいき,vending machine
気象予報士,18249,きしょうよほうし,weather forecaster
行方不明者,18429,ゆくえふめいしゃ,missing person
不動産会社,18772,ふどうさんがいしゃ,real estate company
航空自衛隊,18899,こうくうじえいたい,Air Self-Defense Force
労働基準法,19640,ろうどうきじゅんほう,Labor Standards Act
無差別殺人,20040,むさべつさつじん,indiscriminant killing
連続殺人犯,20280,れんぞくさつじんはん,serial killer
分離主義者,20498,ぶんりしゅぎしゃ,separatists
代表取締役,20843,だいひょうとりしまりやく,representative director
海上保安庁,20933,かいじょうほあんちょう,Japan Coast Guard (formerly Maritime Safety Agency)
遠距離恋愛,21188,えんきょりれんあい,long distance relationship
死体検案書,21323,したいけんあんしょ,post-mortem certificate
学級委員長,21484,がっきゅういいんちょう,class president
征夷大将軍,21506,せいいたいしょうぐん,commander-in-chief of the expeditionary force against the barbarians
身分証明書,21816,みぶんしょうめいしょ,identification papers
一酸化炭素,21846,いっさんかたんそ,carbon monoxide
厚生労働省,22091,こうせいろうどうしょう,Ministry of Health
放射線治療,22880,ほうしゃせんちりょう,radiation therapy
衆議院議員,22963,しゅうぎいんぎいん,member of the Lower House
国家公務員,23090,こっかこうむいん,government official
家庭内暴力,23647,かていないぼうりょく,household violence (esp. adolescent children towards parents)
査問委員会,23694,さもんいいんかい,court of inquiry
未確認生物,23964,みかくにんせいぶつ,mysterious and unconfirmed animals (e.g. chupacabra
不法滞在者,24115,ふほうたいざいしゃ,illegal resident (in a country)
国会議事堂,24170,こっかいぎじどう,national parliament or congress building (e.g. National Diet Building (Japan)
客室乗務員,24184,きゃくしつじょうむいん,cabin crew
読書感想文,24321,どくしょかんそうぶん,book report
家庭裁判所,24477,かていさいばんしょ,family court
屋根裏部屋,24487,やねうらべや,attic
硬膜下血腫,24573,こうまくかけっしゅ,subdural hematoma
女性警察官,24750,じょせいけいさつかん,policewoman
犯罪心理学,24833,はんざいしんりがく,criminal psychology
精神的苦痛,24862,せいしんてきくつう,mental anguish
蒸気機関車,24888,じょうききかんしゃ,steam locomotive
日常茶飯事,25117,にちじょうさはんじ,everyday occurrence
自意識過剰,25201,じいしきかじょう,excessive self-consciousness
創立記念日,25307,そうりつきねんび,anniversary of the establishment of
犯罪被害者,25456,はんざいひがいしゃ,victim of crime
陸上自衛隊,25557,りくじょうじえいたい,Ground Self-Defense Forces (Defence)
旅行代理店,25727,りょこうだいりてん,travel agent
最高責任者,25739,さいこうせきにんしゃ,chief executive
知的生命体,25804,ちてきせいめいたい,intelligent life
腹腔鏡手術,25828,ふくくうきょうしゅじゅつ,laparoscopic surgery; laparoscopic surgery; laparoscopic surgery
自己顕示欲,26205,じこけんじよく,person who craves the limelight
遺伝子工学,26250,いでんしこうがく,genetic engineering
死亡診断書,26492,しぼうしんだんしょ,death certificate
絶滅危惧種,26552,ぜつめつきぐしゅ,endangered species
運命共同体,26609,うんめいきょうどうたい,(in the) same boat
実行委員会,26767,じっこういいんかい,executive committee
世界選手権,27413,せかいせんしゅけん,world (an international) championship (title)
市議会議員,27519,しぎかいぎいん,city council member
敗者復活戦,27556,はいしゃふっかつせん,repechage
教育実習生,27558,きょういくじっしゅうせい,student teacher
消費者金融,27619,しょうひしゃきんゆう,consumer credit (finance
介護福祉士,27815,かいごふくしし,(certified) care worker
太平洋戦争,27882,たいへいようせんそう,Pacific War (1941-1945)
好奇心旺盛,27888,こうきしんおうせい,brimming with curiosity
平和主義者,27917,へいわしゅぎしゃ,pacifist
情報提供者,27940,じょうほうていきょうしゃ,informant
情緒不安定,27941,じょうちょふあんてい,emotional instability
摩訶不思議,27953,まかふしぎ,profound mystery
火災報知機,28014,かさいほうちき,fire alarm
睡眠導入剤,28055,すいみんどうにゅうざい,sleep inducing drug
自己中心的,28090,じこちゅうしんてき,egoistic
障害物競走,28158,しょうがいぶつきょうそう,obstacle race
集中治療室,28159,しゅうちゅうちりょうしつ,intensive care unit
不特定多数,28208,ふとくていたすう,unspecified large number (of people)
女性恐怖症,28303,じょせいきょうふしょう,gynophobia
産業廃棄物,28458,さんぎょうはいきぶつ,industrial waste
要注意人物,28545,ようちゅういじんぶつ,person requiring special attention
電光掲示板,28595,でんこうけいじばん,electric noticeboard
地球外生命,28709,ちきゅうがいせいめい,extraterrestrial life
金属探知機,28994,きんぞくたんちき,metal detector
産婦人科医,29357,さんふじんかい,obstetrician-gynecologist
地球温暖化,29667,ちきゅうおんだんか,global warming
大動脈解離,29673,だいどうみゃくかいり,aortic dissection
天体望遠鏡,29679,てんたいぼうえんきょう,astronomical telescope
医療関係者,30130,いりょうかんけいしゃ,medical personnel
最優先事項,30299,さいゆうせんじこう,matter of the highest priority
結婚行進曲,30411,けっこんこうしんきょく,wedding march
高等弁務官,30523,こうとうべんむかん,high commissioner
取締役社長,30644,とりしまりやくしゃちょう,managing director
火事場泥棒,30863,かじばどろぼう,looter
統合失調症,30951,とうごうしっちょうしょう,schizophrenia
入国管理局,31170,にゅうこくかんりきょく,Immigration Bureau
写真週刊誌,31177,しゃしんしゅうかんし,weekly pictorial magazine
国土交通省,31226,こくどこうつうしょう,Ministry of Land
少年刑務所,31273,しょうねんけいむしょ,juvenile prison
放射能汚染,31343,ほうしゃのうおせん,radioactive contamination
仮面舞踏会,31701,かめんぶとうかい,masquerade ball
精神安定剤,32060,せいしんあんていざい,tranquilizer
不完全燃焼,32268,ふかんぜんねんしょう,incomplete combustion
人形浄瑠璃,32280,にんぎょうじょうるり,Japanese puppet theatre in which recited narrative and dialog is accompanied by a shamisen (forerunner of bunraku)
無条件降伏,32575,むじょうけんこうふく,unconditional surrender
臨床心理士,32669,りんしょうしんりし,clinical psychologist
非常勤講師,32783,ひじょうきんこうし,part-time lecturer
弁護士費用,33067,べんごしひよう,legal fee
火災報知器,33223,かさいほうちき,fire alarm
犯行声明文,33238,はんこうせいめいぶん,letter of responsibility (for a crime)
硬膜外血腫,33277,こうまくがいけっしゅ,epidural hematoma
連続殺人鬼,33408,れんぞくさつじんき,serial killer
電子計算機,33445,でんしけいさんき,computer
不法侵入者,33535,ふほうしんにゅうしゃ,trespasser
使途不明金,33582,しとふめいきん,unaccounted-for expenditures
悪徳弁護士,33793,あくとくべんごし,shyster
真珠湾攻撃,33983,しんじゅわんこうげき,Attack on Pearl Harbor (Dec. 7
計画的犯行,34093,けいかくてきはんこう,premeditated crime
閉所恐怖症,34149,へいしょきょうふしょう,claustrophobia; claustrophobia
高級住宅街,34180,こうきゅうじゅうたくがい,high-end residential area
中華料理店,34268,ちゅうかりょうりてん,Chinese restaurant
井戸端会議,34284,いどばたかいぎ,content-free chat
少子高齢化,34451,しょうしこうれいか,decreasing birthrate and aging population
現在進行形,34675,げんざいしんこうけい,present continuous tense
重要文化財,34883,じゅうようぶんかざい,important cultural property
内視鏡検査,35084,ないしきょうけんさ,endoscopy
更年期障害,35322,こうねんきしょうがい,menopausal disorders
相対性理論,35455,そうたいせいりろん,theory of relativity
空気清浄機,35485,くうきせいじょうき,air cleaner
終末期医療,35503,しゅうまつきいりょう,terminal care
褐色細胞腫,35588,かっしょくさいぼうしゅ,pheochromocytoma
観光案内所,35601,かんこうあんないじょ,tourist information center
遺伝子操作,35663,いでんしそうさ,gene manipulation
高性能爆弾,35731,こうせいのうばくだん,high-explosive bomb
交換留学生,35844,こうかんりゅうがくせい,exchange student
優勝決定戦,35884,ゆうしょうけっていせん,deciding match (in a competition for a cup (pennant))
内視鏡手術,35902,ないしきょうしゅじゅつ,endoscopic surgery
少子化対策,36057,しょうしかたいさく,countermeasures to the falling birthrate
指定暴力団,36142,していぼうりょくだん,designated organized crime group
火炎放射器,36295,かえんほうしゃき,flamethrower
身代金要求,36514,みのしろきんようきゅう,ransom demand
不動産業者,36710,ふどうさんぎょうしゃ,real estate agent
公務員試験,36792,こうむいんしけん,civil service examination
地方裁判所,36875,ちほうさいばんしょ,district court
放射線科医,37045,ほうしゃせんかい,radiologist
特別攻撃隊,37162,とくべつこうげきたい,special attack unit
瞬間接着剤,37198,しゅんかんせっちゃくざい,(tube of) instant glue
経済産業省,37246,けいざいさんぎょうしょう,Ministry of Economy
関東大震災,37386,かんとうだいしんさい,Great Kanto earthquake of 1923
上腕二頭筋,37529,じょうわんにとうきん,biceps brachii muscle
中間管理職,37543,ちゅうかんかんりしょく,middle management
子宮外妊娠,37779,しきゅうがいにんしん,ectopic pregnancy
宇宙望遠鏡,37786,うちゅうぼうえんきょう,space telescope
手持無沙汰,37894,てもちぶさた,being bored
料理評論家,37928,りょうりひょうろんか,food critic
日本国憲法,37932,にほんこくけんぽう,constitution of Japan
日本語学校,37933,にほんごがっこう,Japanese language school
業務上横領,37983,ぎょうむじょうおうりょう,corporate embezzlement
永久保存版,38018,えいきゅうほぞんばん,permanent edition
津波注意報,38030,つなみちゅういほう,tsunami advisory
非常用電源,38382,ひじょうようでんげん,emergency power supply
予算委員会,38542,よさんいいんかい,Budget Committee (of the Upper and Lower Houses of the Diet); budget committee
住居侵入罪,38570,じゅうきょしんにゅうざい,breaking and entering
出産予定日,38624,しゅっさんよていび,expected date of confinement
最高指導者,38993,さいこうしどうしゃ,supreme leader
道路交通法,39404,どうろこうつうほう,Road Traffic Law
選手権大会,39407,せんしゅけんたいかい,championship series
不平等条約,39603,ふびょうどうじょうやく,unequal treaty
公安委員会,39715,こうあんいいんかい,public safety commission
公安調査庁,39716,こうあんちょうさちょう,(Japanese) Public Security Intelligence Agency
公認会計士,39718,こうにんかいけいし,certified public accountant
医療従事者,39775,いりょうじゅうじしゃ,health care provider
国選弁護人,39853,こくせんべんごにん,court-appointed attorney
報道関係者,39867,ほうどうかんけいしゃ,news media
多国籍企業,39883,たこくせききぎょう,multinational corporation
多臓器不全,39884,たぞうきふぜん,multiple organ dysfunction syndrome
太陽光発電,39906,たいようこうはつでん,solar power (generation)
希望的観測,39980,きぼうてきかんそく,wishful thinking
救急救命士,40091,きゅうきゅうきゅうめいし,paramedic
王位継承者,40283,おういけいしょうしゃ,heir to a throne
運転免許証,40562,うんてんめんきょしょう,driver's license
高速増殖炉,40662,こうそくぞうしょくろ,fast-breeder reactor
一事不再理,40742,いちじふさいり,ne bis in idem
取扱説明書,40960,とりあつかいせつめいしょ,user's manual
地方公務員,41006,ちほうこうむいん,local government employee
外出禁止令,41022,がいしゅつきんしれい,curfew
外資系企業,41025,がいしけいきぎょう,foreign-owned enterprise
専務取締役,41101,せんむとりしまりやく,(senior) managing director
強制収容所,41156,きょうせいしゅうようじょ,concentration camp
手荷物検査,41209,てにもつけんさ,hand baggage search
文部科学省,41255,もんぶかがくしょう,Ministry of Education
染色体異常,41319,せんしょくたいいじょう,chromosomal abnormality
海上自衛隊,41403,かいじょうじえいたい,Maritime Self Defense Forces (Defence)
第二次大戦,41565,だいにじたいせん,Second World War
紅白歌合戦,41578,こうはくうたがっせん,Red and White singing contest
臍帯血移植,41629,さいたいけついしょく,umbilical cord blood transplant
自動車産業,41632,じどうしゃさんぎょう,automotive industry
草食系男子,41662,そうしょくけいだんし,young men who are not competitive as in the traditional male stereotype
過酸化水素,41776,かさんかすいそ,H2O2
多重債務者,42309,たじゅうさいむしゃ,person with multiple debts
大統領選挙,42320,だいとうりょうせんきょ,presidential election
悪性黒色腫,42472,あくせいこくしょくしゅ,malignant melanoma
戦略的撤退,42499,せんりゃくてきてったい,strategic withdrawal
新興住宅地,42571,しんこうじゅうたくち,new residential area
爆弾低気圧,42754,ばくだんていきあつ,bomb cyclone
肝機能障害,42930,かんきのうしょうがい,impairment of liver function
自動車事故,42953,じどうしゃじこ,motor(ing) (an auto) accident
費用対効果,43073,ひようたいこうか,cost-effectiveness
阿弥陀如来,43166,あみだにょらい,Amitabha Tathagata
電動車椅子,43185,でんどうくるまいす,electric wheelchair
電気機関車,43187,でんききかんしゃ,electric locomotive
高度成長期,43225,こうどせいちょうき,period of rapid growth (especially Japan's period of rapid economic growth after WWII)
一等航海士,43327,いっとうこうかいし,first mate
三三七拍子,43337,さんさんななびょうし,three-three-seven rhythmic clapping pattern
会社更生法,43428,かいしゃこうせいほう,Corporate Rehabilitation Law
個人事業主,43461,こじんじぎょうぬし,one-man business
圧倒的多数,43675,あっとうてきたすう,overwhelming numbers
太陽熱発電,43732,たいようねつはつでん,solar thermal power generation
季節労働者,43759,きせつろうどうしゃ,seasonal laborer
家庭内別居,43780,かていないべっきょ,living apart in the same house
心臓弁膜症,43895,しんぞうべんまくしょう,valvular heart disease
懲罰委員会,43924,ちょうばついいんかい,disciplinary committee
時間外労働,44032,じかんがいろうどう,overtime work
火力発電所,44191,かりょくはつでんしょ,thermal power station (i.e. using combustion)
研究発表会,44304,けんきゅうはっぴょうかい,meeting for reading research papers
社会主義者,44308,しゃかいしゅぎしゃ,socialist (person)
等辺三角形,44338,とうへんさんかくけい,isosceles triangle; isosceles triangle
結婚披露宴,44364,けっこんひろうえん,wedding reception banquet
解散総選挙,44517,かいさんそうせんきょ,snap election
運営委員会,44611,うんえいいいんかい,steering committee
遮光器土偶,44617,しゃこうきどぐう,"spaceman" clay figurine from about 500 AD
電波望遠鏡,44695,でんぱぼうえんきょう,radio telescope
魚雷発射管,44749,ぎょらいはっしゃかん,torpedo tube
不可侵条約,44921,ふかしんじょうやく,non-aggression pact
世界新記録,44928,せかいしんきろく,new world record
免疫抑制剤,45055,めんえきよくせいざい,immunosuppressant (drug)
出生証明書,45089,しゅっしょうしょうめいしょ,birth certificate; birth certificate
固定資産税,45223,こていしさんぜい,real estate tax
地方検察庁,45240,ちほうけんさつちょう,District Public Prosecutor's Office
妙法蓮華経,45319,みょうほうれんげきょう,Scripture of the Lotus Blossom of the Fine Dharma
少年鑑別所,45386,しょうねんかんべつしょ,juvenile detention centre
強迫神経症,45457,きょうはくしんけいしょう,obsessional neurosis
得手不得手,45466,えてふえて,strong and weak points
急降下爆撃,45488,きゅうこうかばくげき,dive bombing
成績優秀者,45514,せいせきゆうしゅうしゃ,high achiever
放射性物質,45579,ほうしゃせいぶっしつ,radioactive material
日本新記録,45609,にほんしんきろく,new Japanese record; new Japanese record
最終処分場,45648,さいしゅうしょぶんじょう,final disposal location
永世中立国,45750,えいせいちゅうりつこく,permanent neutral country
源泉所得税,45811,げんせんしょとくぜい,income tax withheld at the source
特許出願中,45869,とっきょしゅつがんちゅう,patent pending
美術評論家,46076,びじゅつひょうろんか,art critic
胸部大動脈,46107,きょうぶだいどうみゃく,thoracic aorta
自転車操業,46128,じてんしゃそうぎょう,barely keeping a business going (analogy that a bicycle falls over when its wheels cease rotating)
自転車置場,46129,じてんしゃおきば,place for storing bicycles
超音波検査,46287,ちょうおんぱけんさ,ultrasound examination
農林水産省,46305,のうりんすいさんしょう,Ministry of Agriculture
道交法違反,46347,どうこうほういはん,traffic infringement
頭蓋内損傷,46451,ずがいないそんしょう,intracranial injury
高齢化社会,46488,こうれいかしゃかい,aging society
麻薬取締法,46502,まやくとりしまりほう,(Japanese) Narcotics Control Law
中性子爆弾,46683,ちゅうせいしばくだん,neutron bomb
人間生態学,46732,にんげんせいたいがく,human ecology
分子生物学,46889,ぶんしせいぶつがく,molecular biology
利用者登録,46904,りようしゃとうろく,user registration
国際映画祭,47073,こくさいえいがさい,international film festival
士官候補生,47105,しかんこうほせい,military cadet
奨学金制度,47178,しょうがくきんせいど,scholarship system
子宮内膜症,47193,しきゅうないまくしょう,endometriosis
完全主義者,47210,かんぜんしゅぎしゃ,perfectionist
対人恐怖症,47235,たいじんきょうふしょう,anthropophobia
少林寺拳法,47251,しょうりんじけんぽう,Shorinji Kempo (modern Japanese martial art based on Shaolin kung fu)
常務取締役,47285,じょうむとりしまりやく,managing director
惑星間航行,47376,わくせいかんこうこう,interplanetary cruise
未確認情報,47562,みかくにんじょうほう,unconfirmed information
東京大空襲,47573,とうきょうだいくうしゅう,Great Tokyo Air Raid (firebombing of Tokyo
毛細管現象,47655,もうさいかんげんしょう,capillary phenomenon
法定相続人,47699,ほうていそうぞくじん,legal heir
法廷侮辱罪,47700,ほうていぶじょくざい,(crime of) contempt of court
淡路大震災,47732,あわじだいしんさい,Great Kobe earthquake of 1995 (the epicenter was located on Awaji island)
生活必需品,47826,せいかつひつじゅひん,daily (living) necessities
生活習慣病,47827,せいかつしゅうかんびょう,lifestyle disease
知的好奇心,47900,ちてきこうきしん,intellectual curiosity
硬膜外麻酔,47911,こうまくがいますい,epidural anaesthesia
結婚適齢期,47997,けっこんてきれいき,marriageable age
肉食系女子,48047,にくしょくけいじょし,carnivorous female
見世物小屋,48180,みせものこや,show tent
遺産相続人,48323,いさんそうぞくにん,heir
郵便配達人,48330,ゆうびんはいたつにん,mailman
音楽評論家,48429,おんがくひょうろんか,music critic
食品添加物,48450,しょくひんてんかぶつ,food additive
一夫多妻制,48650,いっぷたさいせい,polygamy
不動産業界,48704,ふどうさんぎょうかい,real estate world
人民解放軍,48810,じんみんかいほうぐん,People's Liberation Army
仕事関係者,48820,しごとかんけいしゃ,business associate
個人投資家,48886,こじんとうしか,individual investor
債務不履行,48903,さいむふりこう,default on a debt
円形脱毛症,48966,えんけいだつもうしょう,alopecia areata
動物行動学,49035,どうぶつこうどうがく,ethology (study of animal behavior)
区議会議員,49050,くぎかいぎいん,ward assemblyman
十重二十重,49055,とえはたえ,multitude
反政府勢力,49091,はんせいふせいりょく,anti-government forces
周産期医療,49154,しゅうさんきいりょう,perinatal care
商工会議所,49166,しょうこうかいぎしょ,Chamber of Commerce and Industry
国民栄誉賞,49193,こくみんえいよしょう,People's Honour Award (honor)
地域密着型,49210,ちいきみっちゃくがた,community-based
大脳辺縁系,49278,だいのうへんえんけい,limbic system
大腿四頭筋,49280,だいたいしとうきん,quadriceps muscle
大麻取締法,49284,たいまとりしまりほう,Cannabis Control Law (1948)
契約不履行,49307,けいやくふりこう,nonfulfillment of a contract
客室稼働率,49351,きゃくしつかどうりつ,room occupancy ratio
情報化社会,49549,じょうほうかしゃかい,information society
注意力散漫,49901,ちゅういりょくさんまん,inattention
温帯低気圧,49931,おんたいていきあつ,extratropical cyclone
無農薬栽培,49971,むのうやくさいばい,organic farming
現実主義者,50034,げんじつしゅぎしゃ,a realist
理学療法士,50037,りがくりょうほうし,physiotherapist
立体駐車場,50194,りったいちゅうしゃじょう,multi-storey car park
自動車保険,50348,じどうしゃほけん,automobile insurance
著作権侵害,50406,ちょさくけんしんがい,infringement of copyright
血栓塞栓症,50433,けっせんそくせんしょう,thromboembolism
赤外線写真,50538,せきがいせんしゃしん,infrared photography
路上生活者,50550,ろじょうせいかつしゃ,homeless people (living on the street)
郵便配達員,50632,ゆうびんはいたついん,postman
鎖骨下動脈,50678,さこつかどうみゃく,subclavian artery
集団食中毒,50724,しゅうだんしょくちゅうどく,mass food poisoning
電子顕微鏡,50740,でんしけんびきょう,electron microscope
電波探知機,50743,でんぱたんちき,radar
非正規雇用,50761,ひせいきこよう,irregular employment
上腕三頭筋,51102,じょうわんさんとうきん,triceps brachii muscle
不法入国者,51119,ふほうにゅうこくしゃ,illegal immigrant
元交際相手,51321,もとこうさいあいて,former boyfriend
全方位外交,51348,ぜんほういがいこう,(Japanese) omnidirectional foreign policy
八尺瓊勾玉,51352,やさかにのまがたま,large jewel
分離肺換気,51417,ぶんりはいかんき,differential lung ventilation
医療少年院,51479,いりょうしょうねんいん,medical reformatory
原子物理学,51522,げんしぶつりがく,atomic physics
参議院議員,51526,さんぎいんぎいん,member of the House of Councillors
古生物学者,51558,こせいぶつがくしゃ,paleontologist
基本的人権,51681,きほんてきじんけん,fundamental human rights
天照大御神,51771,あまてらすおおみかみ,Sun Goddess
妊娠検査薬,51804,にんしんけんさやく,pregnancy test kit
就職情報誌,51926,しゅうしょくじょうほうし,job-placement journal (magazine)
平和的解決,51996,へいわてきかいけつ,peaceful resolution
建築基準法,52034,けんちくきじゅんほう,the Building Standards Act
捕虜収容所,52216,ほりょしゅうようじょ,prison camp
換字式暗号,52230,かえじしきあんごう,substitution cipher
文芸評論家,52262,ぶんげいひょうろんか,literary critic
日和見感染,52281,ひよりみかんせん,opportunistic infection
業務上過失,52440,ぎょうむじょうかしつ,(professional) negligence
法科大学院,52562,ほうかだいがくいん,law school
潜望鏡深度,52642,せんぼうきょうしんど,periscope depth
無農薬野菜,52656,むのうやくやさい,organically produced vegetables
特別委員会,52691,とくべついいんかい,special committee
特別展望台,52692,とくべつてんぼうだい,special viewing platform (even higher viewing platform)
皇太子殿下,52798,こうたいしでんか,the Crown Prince
社会保険庁,52858,しゃかいほけんちょう,Social Insurance Agency
科学博物館,52888,かがくはくぶつかん,science museum
精神分析医,52962,せいしんぶんせきい,psychiatrist
肛門括約筋,53072,こうもんかつやくきん,anal sphincter
胸鎖乳突筋,53088,きょうさにゅうとつきん,sternocleidomastoid muscle
自然保護区,53122,しぜんほごく,nature reserve
落語研究会,53179,らくごけんきゅうかい,rakugo research society
裁判員制度,53225,さいばんいんせいど,citizen judge system
製造年月日,53235,せいぞうねんがっぴ,date of manufacture
記者会見場,53276,きしゃかいけんじょう,location of a press conference
証券取引法,53282,しょうけんとりひきほう,Securities and Exchange Act
誇大妄想狂,53290,こだいもうそうきょう,megalomania
輸入自由化,53403,ゆにゅうじゆうか,liberalization of imports
連立方程式,53433,れんりつほうていしき,simultaneous equations
道義的責任,53449,どうぎてきせきにん,moral obligation
遺伝子研究,53460,いでんしけんきゅう,genetic research
防衛庁長官,53558,ぼうえいちょうちょうかん,Director General of (former) Defence Agency (Defense)
七味唐辛子,53993,しちみとうがらし,blend of seven spices (cayenne
中央分離帯,54074,ちゅうおうぶんりたい,(highway) median
保護観察所,54246,ほごかんさつじょ,probation office
傷害致死罪,54282,しょうがいちしざい,(crime of) inflicting bodily injury resulting in death
児童福祉法,54316,じどうふくしほう,Child Welfare Law (1947)
刑事訴訟法,54420,けいじそしょうほう,Criminal Procedure Code
刺激伝導系,54447,しげきでんどうけい,impulse conduction system (of the heart)
前頭前皮質,54462,ぜんとうぜんひしつ,prefrontal cortex
国会図書館,54698,こっかいとしょかん,National Diet Library
地球低軌道,54737,ちきゅうていきどう,low earth orbit
基礎化粧品,54752,きそけしょうひん,basic skin-care products
大本営発表,54820,だいほんえいはっぴょう,imperial headquarters announcement
大陸移動説,54845,たいりくいどうせつ,theory of continental drift
宇宙物理学,54929,うちゅうぶつりがく,astrophysics
家宅侵入罪,54975,かたくしんにゅうざい,(crime of) trespassing
就業時間中,55043,しゅうぎょうじかんちゅう,during working hours
市立図書館,55104,しりつとしょかん,city library
年金受給者,55128,ねんきんじゅきゅうしゃ,a pensioner
弦楽四重奏,55169,げんがくしじゅうそう,string quartet
急性腎不全,55254,きゅうせいじんふぜん,acute renal failure
戦争犯罪人,55315,せんそうはんざいにん,war criminal
放射線技師,55430,ほうしゃせんぎし,radiology technician
放射線療法,55432,ほうしゃせんりょうほう,radiation therapy
新聞販売店,55482,しんぶんはんばいてん,news dealer's shop
旗本八万騎,55486,はたもとはちまんき,the shogun's eighty thousand guards
日本料理店,55498,にほんりょうりてん,Japanese restaurant
暴力団組員,55544,ぼうりょくだんくみいん,mobsters
有酸素運動,55572,ゆうさんそうんどう,aerobic exercise
歩行者天国,55698,ほこうしゃてんごく,pedestrian mall
沿岸警備隊,55760,えんがんけいびたい,coast guard
法的拘束力,55767,ほうてきこうそくりょく,legal binding force
液状化現象,55812,えきじょうかげんしょう,liquefaction
無酸素運動,55886,むさんそうんどう,anaerobic exercise
無重力状態,55887,むじゅうりょくじょうたい,(the state of) weightlessness
特別弁護人,55924,とくべつべんごにん,special counsel
犯罪発生率,55930,はんざいはっせいりつ,crime rate
独占禁止法,55934,どくせんきんしほう,antitrust law
社会的弱者,56127,しゃかいてきじゃくしゃ,the socially vulnerable
福祉事務所,56158,ふくしじむしょ,welfare office
素因数分解,56273,そいんすうぶんかい,prime decomposition
総勘定元帳,56320,そうかんじょうもとちょう,general ledger (accounting)
総合格闘技,56322,そうごうかくとうぎ,mixed martial arts
緑黄色野菜,56331,りょくおうしょくやさい,vegetables high in beta-carotene
臓器提供者,56434,ぞうきていきょうしゃ,organ donor
臨床心理学,56435,りんしょうしんりがく,clinical psychology
自動車業界,56441,じどうしゃぎょうかい,automotive industry
自動車部品,56442,じどうしゃぶひん,automobile component
赤外線通信,56748,せきがいせんつうしん,infrared data communication
身分不相応,56768,みぶんふそうおう,beyond one's means or position
近代美術館,56802,きんだいびじゅつかん,modern art museum
通信傍受法,56823,つうしんぼうじゅほう,wiretapping law
造血幹細胞,56829,ぞうけつかんさいぼう,hematopoietic stem cell (haematopoietic)
遺伝子治療,56878,いでんしちりょう,gene therapy
量子物理学,56913,りょうしぶつりがく,quantum physics
電話交換手,57052,でんわこうかんしゅ,telephone operator
高級住宅地,57164,こうきゅうじゅうたくち,exclusive residential district
高額所得者,57168,こうがくしょとくしゃ,large income earner
麻薬探知犬,57192,まやくたんちけん,drug-sniffing dog
一味唐辛子,57543,いちみとうがらし,cayenne pepper powder
不動産登記,57646,ふどうさんとうき,real estate register
不採算部門,57653,ふさいさんぶもん,unprofitable department
中央制御室,57690,ちゅうおうせいぎょしつ,central control room
予選通過者,57742,よせんつうかしゃ,qualifier
二十日大根,57752,はつかだいこん,radish (Raphanus sativus var. sativus)
二次方程式,57759,にじほうていしき,quadratic equation
五十歩百歩,57763,ごじゅっぽひゃっぽ,six of one and a half dozen of the other
仮装舞踏会,57846,かそうぶとうかい,masquerade ball
会社説明会,57870,かいしゃせつめいかい,company information session
個人的意見,57958,こじんてきいけん,personal opinion
光合成細菌,58006,こうごうせいさいきん,photosynthetic bacteria
入手不可能,58023,にゅうしゅふかのう,unavailable
内閣支持率,58101,ないかくしじりつ,cabinet support rate
医師免許証,58262,いしめんきょしょう,physician's license (licence)
単細胞生物,58307,たんさいぼうせいぶつ,unicellular organism
博士研究員,58310,はくしけんきゅういん,postdoc
印象派美術,58317,いんしょうはびじゅつ,impressionism
原子力発電,58328,げんしりょくはつでん,nuclear power generation
参議院選挙,58336,さんぎいんせんきょ,House of Councillors election
合理主義者,58399,ごうりしゅぎしゃ,pragmatist
国際競争力,58577,こくさいきょうそうりょく,international competitiveness
地方自治体,58599,ちほうじちたい,local authority
外国人排斥,58667,がいこくじんはいせき,xenophobia
大東亜戦争,58719,だいとうあせんそう,The Greater East Asian War
大統領候補,58730,だいとうりょうこうほ,presidential candidate
大腿二頭筋,58733,だいたいにとうきん,biceps femoris muscle
太陽神経叢,58766,たいようしんけいそう,solar plexus
帝王切開術,59062,ていおうせっかいじゅつ,Caesarean section (Cesarean)
廃棄物処理,59144,はいきぶつしょり,waste disposal
悪徳政治家,59298,あくとくせいじか,corrupt politician
戦争未亡人,59357,せんそうみぼうじん,war widow
技術的問題,59406,ぎじゅつてきもんだい,technical problem
指導力不足,59435,しどうりょくぶそく,lack of leadership (esp. of a teacher)
敵対的買収,59543,てきたいてきばいしゅう,hostile takeover
新製品開発,59580,しんせいひんかいはつ,new product development
方向探知機,59583,ほうこうたんちき,direction finder
映画評論家,59623,えいがひょうろんか,film critic
株式取引所,59787,かぶしきとりひきじょ,stock exchange
模型飛行機,59845,もけいひこうき,model plane
歩行者優先,59905,ほこうしゃゆうせん,priority to pedestrians
水力発電所,59952,すいりょくはつでんしょ,hydroelectric plant or power station
法律相談所,60007,ほうりつそうだんしょ,legal information center
消費者運動,60075,しょうひしゃうんどう,consumer movement
無免許運転,60167,むめんきょうんてん,driving without a license (licence)
無政府状態,60174,むせいふじょうたい,anarchy
熱帯低気圧,60207,ねったいていきあつ,tropical cyclone
現住建造物,60282,げんじゅうけんぞうぶつ,inhabited building
生物物理学,60319,せいぶつぶつりがく,biophysics
異文化交流,60365,いぶんかこうりゅう,cultural exchange
発展途上国,60390,はってんとじょうこく,developing country
直下型地震,60426,ちょっかがたじしん,near-field earthquake
県警察本部,60450,けんけいさつほんぶ,prefectural police headquarters
社会心理学,60509,しゃかいしんりがく,social psychology
突然変異体,60604,とつぜんへんいたい,mutant
糖尿病患者,60678,とうにょうびょうかんじゃ,diabetic
肋間神経痛,60833,ろっかんしんけいつう,intercostal neuralgia
脳血管障害,60870,のうけっかんしょうがい,cerebrovascular disease
自己免疫性,60899,じこめんえきせい,autoimmunity
自然主義者,60908,しぜんしゅぎしゃ,naturalist
自然治癒力,60910,しぜんちゆりょく,natural healing power
血液恐怖症,61067,けつえききょうふしょう,hemophobia
裁量労働制,61090,さいりょうろうどうせい,flexible work hours
観世音菩薩,61137,かんぜおんぼさつ,Kannon (Boddhisattva)
野次馬根性,61515,やじうまこんじょう,the spirit of curiosity
長距離電話,61592,ちょうきょりでんわ,long-distance call
電気洗濯機,61695,でんきせんたくき,electric washing machine
電気自動車,61696,でんきじどうしゃ,electric automobile
顧客満足度,61756,こきゃくまんぞくど,(degree of) customer satisfaction
食品衛生法,61775,しょくひんえいせいほう,food hygiene law
麻薬中毒者,61862,まやくちゅうどくしゃ,drug addict
一人親家庭,62388,ひとりおやかてい,single-parent family
一夫一婦制,62393,いっぷいっぷせい,monogamy
一姫二太郎,62395,いちひめにたろう,It's good to have a girl first and then a boy
三等航海士,62475,さんとうこうかいし,third mate
上陸用舟艇,62511,じょうりくようしゅうてい,landing craft
不信任決議,62533,ふしんにんけつぎ,vote of censure
不安神経症,62543,ふあんしんけいしょう,anxiety neurosis
世界大恐慌,62577,せかいだいきょうこう,the Great Depression
世界的不況,62579,せかいてきふきょう,global recession
中枢神経系,62615,ちゅうすうしんけいけい,central nervous system
人道的援助,62788,じんどうてきえんじょ,humanitarian aid
介護保険法,62814,かいごほけんほう,Public Nursing Care Insurance Law (1997)
保険契約者,62984,ほけんけいやくしゃ,policyholder
健康診断書,63013,けんこうしんだんしょ,health certificate
元素周期表,63050,げんそしゅうきひょう,periodic table of elements
共同体意識,63152,きょうどうたいいしき,sense of community
内閣総辞職,63188,ないかくそうじしょく,en masse resignation of the cabinet
出来不出来,63263,できふでき,uneven results
刑事被告人,63299,けいじひこくにん,accused
利己主義者,63333,りこしゅぎしゃ,egoist
前十字靱帯,63362,ぜんじゅうじじんたい,anterior cruciate ligament
包接水和物,63457,ほうせつすいわぶつ,clathrate hydrate
化学実験室,63461,かがくじっけんしつ,chemistry laboratory
化学方程式,63462,かがくほうていしき,chemical equation
化学調味料,63464,かがくちょうみりょう,chemical seasoning (esp. monosodium glutamate)
博愛主義者,63554,はくあいしゅぎしゃ,philanthropist
原子力施設,63590,げんしりょくしせつ,nuclear power facility
原子力空母,63591,げんしりょくくうぼ,nuclear-powered aircraft carrier
参加希望者,63608,さんかきぼうしゃ,those interested in participating
合同慰霊祭,63715,ごうどういれいさい,joint service for the war dead
固有肝動脈,63897,こゆうかんどうみゃく,arteria hepatica propria
国境警備隊,63905,こっきょうけいびたい,border patrol
国家主義者,63907,こっかしゅぎしゃ,nationalist
国民総生産,63919,こくみんそうせいさん,gross national product
国際博覧会,63934,こくさいはくらんかい,world exposition
在学証明書,63958,ざいがくしょうめいしょ,certificate of student status
在籍証明書,63963,ざいせきしょうめいしょ,certificate of enrollment
売春防止法,64073,ばいしゅんぼうしほう,Anti-Prostitution Law
多民族国家,64126,たみんぞくこっか,multiracial nation
多細胞生物,64129,たさいぼうせいぶつ,multicellular organism
大津波警報,64183,おおつなみけいほう,major tsunami warning
大脳基底核,64193,だいのうきていかく,basal ganglia
大量殺人者,64200,たいりょうさつじんしゃ,mass murderer
天体物理学,64215,てんたいぶつりがく,astrophysics
太平洋艦隊,64237,たいへいようかんたい,Pacific fleet
妊娠中毒症,64289,にんしんちゅうどくしょう,pre-eclampsia
婦人参政権,64304,ふじんさんせいけん,women's suffrage
宇宙探査機,64342,うちゅうたんさき,space probe
展示即売会,64555,てんじそくばいかい,exhibition and sale (of paintings)
工業試験場,64625,こうぎょうしけんじょう,industrial experimental station
常任理事国,64669,じょうにんりじこく,standing member-nation of the UN Security Council
年金生活者,64720,ねんきんせいかつしゃ,pensioner
幾何級数的,64740,きかきゅうすうてき,geometric (progression
強迫性障害,64832,きょうはくせいしょうがい,obsessive-compulsive disorder
強風注意報,64833,きょうふうちゅういほう,storm warning
形式論理学,64848,けいしきろんりがく,formal logic
微分方程式,64938,びぶんほうていしき,differential equation
心神耗弱者,64957,しんしんこうじゃくしゃ,person of diminished capacity (e.g. drugs
成年後見人,65100,せいねんこうけんにん,adult guardian
戦闘爆撃機,65116,せんとうばくげきき,fighter bomber
抗精神病薬,65184,こうせいしんびょうやく,antipsychotic drug
抗酸化物質,65185,こうさんかぶっしつ,antioxidant
推定相続人,65277,すいていそうぞくにん,heir(s) presumptive
放射線障害,65328,ほうしゃせんしょうがい,radiation damage
政治評論家,65345,せいじひょうろんか,political commentator (journalist
敗北主義者,65358,はいぼくしゅぎしゃ,defeatist
文化人類学,65391,ぶんかじんるいがく,cultural anthropology
日和見主義,65464,ひよりみしゅぎ,opportunism
日本標準時,65472,にほんひょうじゅんじ,Japanese Standard Time
最優秀選手,65624,さいゆうしゅうせんしゅ,(the) most valuable player
有料駐車場,65655,ゆうりょうちゅうしゃじょう,toll parking lot
松花堂弁当,65768,しょうかどうべんとう,square or rectangular bento box containing cross-shaped separators
植民地支配,65855,しょくみんちしはい,colonial rule
次期大統領,65921,じきだいとうりょう,next president
武家諸法度,65958,ぶけしょはっと,law decreeing rules for daimyo during Tokugawa shogunate
歯科技工士,65969,しかぎこうし,dental technician
歯科衛生士,65970,しかえいせいし,dental hygienist
民事訴訟法,66013,みんじそしょうほう,(Japanese) Civil Proceedings Act (1890
民間航空機,66022,みんかんこうくうき,private aircraft
水銀気圧計,66061,すいぎんきあつけい,mercury barometer
法定代理人,66118,ほうていだいりにん,statutory representative
波動方程式,66129,はどうほうていしき,wave equation
準備委員会,66293,じゅんびいいんかい,preparatory committee
漫画研究会,66331,まんがけんきゅうかい,society for the study of manga; manga club
無形文化財,66391,むけいぶんかざい,intangible cultural asset
特殊工作員,66492,とくしゅこうさくいん,spy
特殊潜航艇,66494,とくしゅせんこうてい,special purpose submarine (esp. Japanese midget submarines used in WWII)
理論物理学,66567,りろんぶつりがく,theoretical physics
環境庁長官,66578,かんきょうちょうちょうかん,Director General of Environment Agency
町議会議員,66653,ちょうぎかいぎいん,town councillor
登記簿謄本,66709,とうきぼとうほん,copy of a registration certificate
皇位継承者,66746,こういけいしょうしゃ,heir to the throne
社会保障費,66906,しゃかいほしょうひ,cost of social security
社会部記者,66907,しゃかいぶきしゃ,local-news reporter
私設応援団,66978,しせつおうえんだん,private cheer group
移動性盲腸,66991,いどうせいもうちょう,mobile cecum
税理士試験,66997,ぜいりししけん,certified tax accountant exam (examination)
筋肉弛緩剤,67107,きんにくしかんざい,muscle relaxant
系列子会社,67164,けいれつこがいしゃ,keiretsu subsidiary
細胞生物学,67199,さいぼうせいぶつがく,cell biology
経済企画庁,67217,けいざいきかくちょう,Economic Planning Agency (defunct as of 2001)
絶対君主制,67247,ぜったいくんしゅせい,absolute monarchy
耳鼻咽喉科,67365,じびいんこうか,otorhinolaryngology
自動改札機,67494,じどうかいさつき,automatic turnstile (ticket gate)
自己決定権,67501,じこけっていけん,right of self-determination
自由主義者,67519,じゆうしゅぎしゃ,liberal
菜食主義者,67662,さいしょくしゅぎしゃ,vegetarian
落下傘部隊,67675,らっかさんぶたい,paratroops
行動生態学,67763,こうどうせいたいがく,behavioral ecology
被害者意識,67787,ひがいしゃいしき,sense of being victimized
裁判所命令,67790,さいばんしょめいれい,court injunction
見様見真似,67857,みようみまね,learning by watching others
視覚障害者,67869,しかくしょうがいしゃ,visually impaired person
解離性障害,67903,かいりせいしょうがい,dissociative disorder
記憶喪失症,67925,きおくそうしつしょう,amnesia
記録保管所,67929,きろくほかんしょ,archive
諮問委員会,67994,しもんいいんかい,advisory committee (council
販売代理店,68057,はんばいだいりてん,sales agent
賃貸借契約,68089,ちんたいしゃくけいやく,rental agreement
超高層建築,68135,ちょうこうそうけんちく,skyscraper
身元不明者,68157,みもとふめいしゃ,John Doe
身元保証人,68158,みもとほしょうにん,(personal) guarantor
軍事的勝利,68172,ぐんじてきしょうり,military victory
軍国主義者,68175,ぐんこくしゅぎしゃ,militarist
送金小切手,68256,そうきんこぎって,cashier's cheque
逃亡犯罪人,68257,とうぼうはんざいにん,fugitive from justice
過失傷害罪,68326,かしつしょうがいざい,accidental infliction of injury
遠心分離機,68347,えんしんぶんりき,centrifuge
遺伝子診断,68363,いでんししんだん,genetic diagnosis
遺言執行者,68368,ゆいごんしっこうしゃ,executor
野外音楽堂,68435,やがいおんがくどう,outdoor concert hall
開校記念日,68548,かいこうきねんび,anniversary of the founding of the school
関係代名詞,68558,かんけいだいめいし,relative pronoun
阪神大震災,68570,はんしんだいしんさい,Great Hanshin Earthquake (Jan 1995)
電子商取引,68679,でんししょうとりひき,e-commerce
静脈血栓症,68729,じょうみゃくけっせんしょう,venous thrombosis
静電気防止,68730,せいでんきぼうし,anti-static (electricity)
高性能爆薬,68887,こうせいのうばくやく,high explosive
魚群探知機,68913,ぎょぐんたんちき,fishfinder
中央情報局,69045,ちゅうおうじょうほうきょく,Central Intelligence Agency (US)
証券取引所,69518,しょうけんとりひきじょ,securities exchange
一般廃棄物,69888,いっぱんはいきぶつ,domestic waste
三人称単数,69958,さんにんしょうたんすう,third person singular
三十三回忌,69963,さんじゅうさんかいき,32nd anniversary of death
三行広告欄,70004,さんぎょうこうこくらん,classified ads
下二段活用,70086,しもにだんかつよう,conjugation (inflection
下水処理場,70099,げすいしょりじょう,sewage (treatment) plant
不動産鑑定,70130,ふどうさんかんてい,real estate appraisal
不在者投票,70136,ふざいしゃとうひょう,absentee ballot
不完全変態,70138,ふかんぜんへんたい,incomplete metamorphosis
中国共産党,70228,ちゅうごくきょうさんとう,Chinese Communist Party
中大脳動脈,70237,ちゅうだいのうどうみゃく,middle cerebral artery
中央委員会,70240,ちゅうおういいんかい,central committee
中山間地域,70244,ちゅうさんかんちいき,low uplands
主席研究員,70323,しゅせきけんきゅういん,Executive chief engineer
乗用自動車,70361,じょうようじどうしゃ,passenger auto
乳酸菌飲料,70392,にゅうさんきんいんりょう,fermented milk drink (e.g. Yakult
二酸化硫黄,70457,にさんかいおう,sulfur dioxide
人材派遣業,70559,じんざいはけんぎょう,temporary personnel business
人道主義者,70576,じんどうしゅぎしゃ,humanitarian
代数方程式,70667,だいすうほうていしき,algebraic equation
仮定法過去,70682,かていほうかこ,subjunctive past
会計検査院,70737,かいけいけんさいん,Board of Audit
低酸素脳症,70768,ていさんそのうしょう,hypoxic encephalopathy (brain damage from lack of oxygen)
保健室登校,70871,ほけんしつとうこう,going straight to the infirmary in school
保険代理店,70886,ほけんだいりてん,insurance agent
個人主義者,70917,こじんしゅぎしゃ,individualist
免疫不全症,71048,めんえきふぜんしょう,immunodeficiency disease
入国管理法,71072,にゅうこくかんりほう,Immigration Control and Refugee Recognition Act
公民権運動,71141,こうみんけんうんどう,civil rights movement (esp. American)
公職選挙法,71153,こうしょくせんきょほう,Public Office Election Law
公開討論会,71161,こうかいとうろんかい,open forum
公開質問状,71162,こうかいしつもんじょう,open letter (of inquiry)
内政不干渉,71222,ないせいふかんしょう,non-intervention in the domestic affairs of another nation
内閣情報局,71238,ないかくじょうほうきょく,Cabinet Intelligence Bureau (1940-1945)
冠位十二階,71284,かんいじゅうにかい,first system to rank officials into 12 levels (603 AD)
労働力不足,71591,ろうどうりょくぶそく,labor shortage (labour)
労働契約書,71592,ろうどうけいやくしょ,labour contract (labor)
労働委員会,71593,ろうどういいんかい,labor-relations board
労働者階級,71597,ろうどうしゃかいきゅう,working class
勅撰和歌集,71607,ちょくせんわかしゅう,poems collected at the behest of the Emperor (from 905 to 1439)
動脈硬化症,71620,どうみゃくこうかしょう,arteriosclerosis
勧業博覧会,71658,かんぎょうはくらんかい,industrial fair or exposition
医療廃棄物,71717,いりょうはいきぶつ,hospital waste
卒業証明書,71785,そつぎょうしょうめいしょ,graduation certificate
原子力工学,71899,げんしりょくこうがく,nuclear engineering
参考人招致,71929,さんこうにんしょうち,requesting the testimony of an unsworn witness (who is not bound by perjury law)
反動主義者,71946,はんどうしゅぎしゃ,reactionary
反射望遠鏡,71954,はんしゃぼうえんきょう,reflecting telescope
反陽子爆弾,71966,はんようしばくだん,antiproton bomb
収縮期血圧,71975,しゅうしゅくきけつあつ,systolic blood pressure
取扱説明書,71987,とりあつかいせつめいしょ,user's manual
取締役会長,72006,とりしまりやくかいちょう,chairman of board of directors
受託収賄罪,72034,じゅたくしゅうわいざい,(the crime of) bribery
同音異義語,72172,どうおんいぎご,homonym
周波数特性,72231,しゅうはすうとくせい,frequency characteristic
呼吸器疾患,72253,こきゅうきしっかん,respiratory illness
営業報告書,72375,えいぎょうほうこくしょ,business report
嗜眠性脳炎,72381,しみんせいのうえん,encephalitis lethargica
噴出性嘔吐,72397,ふんしゅつせいおうと,projectile vomiting
回転式拳銃,72433,かいてんしきけんじゅう,revolver
回遊式庭園,72434,かいゆうしきていえん,stroll garden with a central pond
国立図書館,72487,こくりつとしょかん,national library
国粋主義者,72490,こくすいしゅぎしゃ,ultranationalist
国際連合軍,72503,こくさいれんごうぐん,United Nations Forces
地球物理学,72580,ちきゅうぶつりがく,geophysics
地球的問題,72582,ちきゅうてきもんだい,global problem
垂直離着陸,72609,すいちょくりちゃくりく,vertical take off and landing
増粘多糖類,72688,ぞうねんたとうるい,polysaccharide thickener
多変量解析,72781,たへんりょうかいせき,multivariate analysis
大学図書館,72850,だいがくとしょかん,university library
大統領夫人,72903,だいとうりょうふじん,first lady
大航海時代,72909,だいこうかいじだい,Age of Discovery
大西洋横断,72918,たいせいようおうだん,trans-Atlantic
大雨注意報,72941,おおあめちゅういほう,storm warning
